{
  "name": "calendar-weather",
  "title": "Calendar/Weather",
  "description": "Adds a customizable calendar with events and weather.",
  "version": "3.1.0",
  "minimumCoreVersion": "0.7.0",
  "compatibleCoreVersion": "0.7.7",
  "author": "Michael Sebelski [DasSauerkraut#3215], about-time by tposney#1462",
  "url": "https://github.com/DasSauerkraut/calendar-weather",
  "manifest": "https://raw.githubusercontent.com/DasSauerkraut/calendar-weather/master/package/module.json",
  "download": "https://github.com/DasSauerkraut/calendar-weather/raw/master/package/calendar-weather-v3.1.0.zip",
  "esmodules": [
    "init.mjs",
    "modules/registerSettings.mjs",
    "modules/dateTime.mjs",
    "modules/month.mjs",
    "modules/weatherTracker.mjs",
    "modules/calendarEvents.mjs",
    "modules/calendar.mjs",
    "modules/calendarForm.mjs",
    "modules/warningSystem.mjs"
  ],
  "styles": [ "./css/calendar.css" ],
  "packs": [],
  "languages": [
    {
      "lang": "en",
      "name": "English",
      "path": "langs/en.json"
    },
    {
      "lang": "fr",
      "name": "Français",
      "path": "langs/fr.json"
    },
    {
      "lang": "ko",
      "name": "Korean",
      "path": "langs/ko.json"
    },
    {
      "lang": "de",
      "name": "Deutsch",
      "path": "langs/de.json"
    },
    {
      "lang": "ja",
      "name": "日本語",
      "path": "langs/ja.json"
    },
    {
      "lang": "pt-BR",
      "name": "Português (Brasil)",
      "path": "langs/pt-BR.json"
    },
    {
      "lang": "es",
      "name": "Español (España)",
      "path": "langs/es-ES.json"
    },
    {
      "lang": "pl",
      "name": "Polski",
      "path": "langs/pl.json"
    }
  ],
  "dependencies": [
    {
      "name": "about-time",
      "manifest": "https://gitlab.com/tposney/about-time/-/raw/master/package/module.json"
    }
  ]
}
