{
  "name": "calendar-weather",
  "title": "Calendar/Weather",
  "description": "Adds a customizable calendar with events and weather.",
  "version": "1.0.0",
  "minimumCoreVersion": "0.4.5",
  "author": "Michael Sebelski [DasSauerkraut#3215], about-time by tposney#1462",
  "url": "n/a",
  "manifest": "https://github.com/DasSauerkraut/calendar-weather/blob/master/module.json",
  "download": "n/a",
  "scripts": [ "calendar.js"],
  "styles": [ "./css/calendar.css" ],
  "packs": []
}
