{
  "name": "calendar-weather",
  "title": "Calendar/Weather",
  "description": "Adds a customizable calendar with events and weather.",
  "version": "1.0.4",
  "minimumCoreVersion": "0.4.5",
  "author": "Michael Sebelski [DasSauerkraut#3215], about-time by tposney#1462",
  "url": "https://github.com/DasSauerkraut/calendar-weather",
  "manifest": "https://raw.githubusercontent.com/DasSauerkraut/calendar-weather/master/package/module.json",
  "download": "https://github.com/DasSauerkraut/calendar-weather/raw/master/package/calendar-weather-v1.0.4.zip",
  "scripts": [ "calendar.js"],
  "styles": [ "./css/calendar.css" ],
  "packs": []
}
